"","perPixelScaler","scalerSE","scalerCI","originalArea","estimatedArea","estimatedAreaSE","estimatedAreaCI","producer_accuracy","se","ci","user_accuracy","se","ci"
"No.Change",0.985894935033659,0.00216708085620792,0.00424747847816752,2186298405,2155460523.96167,4737885.41943341,9286255.42208949,0.988573523401209,0.000342955493025273,0.000672192766329536,0.97462962962963,0.0021400629337839,0.00419452335021645
"Change",1.36032083515225,0.0553591483495185,0.108503930765056,85584507,116422388.038333,4737885.41943341,9286255.42208948,0.523569296167187,0.021261551978121,0.0416726418771172,0.712222222222222,0.00871434892220019,0.0170801238875124
