"","perPixelScaler","scalerSE","scalerCI","originalArea","estimatedArea","estimatedAreaSE","estimatedAreaCI","producer_accuracy","se","ci","user_accuracy","se","ci"
"Deforestation",1.17543123543124,0.174536122054058,0.342090799225954,200000,235086.247086247,34907.2244108116,68418.1598451908,0.748661404830841,0.108831557645545,0.213309852985268,0.88,0.0377760112641214,0.074040982077678
"Forest.gain",0.865641025641026,0.141943538375051,0.2782093352151,150000,129846.153846154,21291.5307562577,41731.400282265,0.847156398104265,0.129800184040437,0.254408360719257,0.733333333333333,0.0514066400637373,0.100757014524925
"Stable.forest",0.992256701631702,0.0274763256416323,0.0538535982575992,3200000,3175221.44522145,87924.2420532232,172331.514424318,0.934508908579693,0.0175124605441893,0.0343244226666111,0.927272727272727,0.020278249871705,0.0397453697485417
"Stable.non.forest",1.00152653548002,0.0143100215790792,0.0280476422949953,6450000,6459846.15384615,92299.6391850611,180907.29280272,0.961608992831456,0.00936813034777142,0.018361535481632,0.963076923076923,0.0104762758605433,0.0205335006866648
